[{"pk": 1, "fields": {"app_label": "admin", "name": "log entry", "model": "logentry"}, "model": "contenttypes.contenttype"}, {"pk": 2, "fields": {"app_label": "auth", "name": "permission", "model": "permission"}, "model": "contenttypes.contenttype"}, {"pk": 3, "fields": {"app_label": "auth", "name": "group", "model": "group"}, "model": "contenttypes.contenttype"}, {"pk": 4, "fields": {"app_label": "auth", "name": "user", "model": "user"}, "model": "contenttypes.contenttype"}, {"pk": 5, "fields": {"app_label": "contenttypes", "name": "content type", "model": "contenttype"}, "model": "contenttypes.contenttype"}, {"pk": 6, "fields": {"app_label": "sessions", "name": "session", "model": "session"}, "model": "contenttypes.contenttype"}, {"pk": 7, "fields": {"app_label": "main", "name": "course", "model": "course"}, "model": "contenttypes.contenttype"}, {"pk": 8, "fields": {"app_label": "main", "name": "tutor_assignment", "model": "tutor_assignment"}, "model": "contenttypes.contenttype"}, {"pk": 9, "fields": {"app_label": "main", "name": "session", "model": "session"}, "model": "contenttypes.contenttype"}, {"pk": 10, "fields": {"app_label": "main", "name": "question", "model": "question"}, "model": "contenttypes.contenttype"}, {"pk": 11, "fields": {"app_label": "main", "name": "question_option", "model": "question_option"}, "model": "contenttypes.contenttype"}, {"pk": 12, "fields": {"app_label": "main", "name": "current_question", "model": "current_question"}, "model": "contenttypes.contenttype"}, {"pk": 13, "fields": {"app_label": "main", "name": "student_response", "model": "student_response"}, "model": "contenttypes.contenttype"}, {"pk": 14, "fields": {"app_label": "main", "name": "session_run", "model": "session_run"}, "model": "contenttypes.contenttype"}, {"pk": "gerbamoa5242vc56jt2rsf3jqe4fje8z", "fields": {"expire_date": "2014-11-20T13:36:02.367Z", "session_data": "MjgyN2ZmMDEyN2VlMzMwOWVjYmI4NDExZWZiNmU4YjViNWRlMTVjNTp7Il9hdXRoX3VzZXJfaWQiOjEsIl9hdXRoX3VzZXJfaGFzaCI6ImIzNmE1YWIzZGViZjc4YjUxZTdiMjljMzRjNDVhMTMxNGQ5YTk5NDYiLCJfYXV0aF91c2VyX2JhY2tlbmQiOiJkamFuZ28uY29udHJpYi5hdXRoLmJhY2tlbmRzLk1vZGVsQmFja2VuZCJ9"}, "model": "sessions.session"}, {"pk": "n6xljxarqb8q2wthune21uwvhvbrfltm", "fields": {"expire_date": "2014-11-17T18:26:02.019Z", "session_data": "MjU1MjlhNTU2OTY4NTY5NjU0MGY0MGMxZDU0NDhiZmQxN2QwZDY3NDp7Il9hdXRoX3VzZXJfaWQiOjEsIl9hdXRoX3VzZXJfYmFja2VuZCI6ImRqYW5nby5jb250cmliLmF1dGguYmFja2VuZHMuTW9kZWxCYWNrZW5kIiwiX2F1dGhfdXNlcl9oYXNoIjoiYjM2YTVhYjNkZWJmNzhiNTFlN2IyOWMzNGM0NWExMzE0ZDlhOTk0NiJ9"}, "model": "sessions.session"}, {"pk": "o3iu0e8sfttxqu6his6obmt8gl21gpn2", "fields": {"expire_date": "2014-11-20T14:25:58.744Z", "session_data": "MTA4MGU0OGU3NTA2MzIxYTA4OGZlNmY2MTZhZWQ0MTg4MWZiYzNhMTp7fQ=="}, "model": "sessions.session"}, {"pk": "p1ytyogi7w2u94thkfiifh4mlxbdk4ot", "fields": {"expire_date": "2014-11-17T14:52:44.839Z", "session_data": "MTA4MGU0OGU3NTA2MzIxYTA4OGZlNmY2MTZhZWQ0MTg4MWZiYzNhMTp7fQ=="}, "model": "sessions.session"}, {"pk": "qkiore5xst0ar5xe3ymtqdrnt4invnqt", "fields": {"expire_date": "2014-11-17T14:01:16.485Z", "session_data": "MTA4MGU0OGU3NTA2MzIxYTA4OGZlNmY2MTZhZWQ0MTg4MWZiYzNhMTp7fQ=="}, "model": "sessions.session"}, {"pk": "qqpfyff9160x46hzw7jab4u20ldkzob0", "fields": {"expire_date": "2014-11-17T16:43:39.254Z", "session_data": "YTcwMGFmOTRiOTIwMGI0N2Y5MTcwYTdjZTc5N2U0ZGYyYWUxMDkwYzp7Il9hdXRoX3VzZXJfaGFzaCI6ImIzNmE1YWIzZGViZjc4YjUxZTdiMjljMzRjNDVhMTMxNGQ5YTk5NDYiLCJfYXV0aF91c2VyX2lkIjoxLCJfYXV0aF91c2VyX2JhY2tlbmQiOiJkamFuZ28uY29udHJpYi5hdXRoLmJhY2tlbmRzLk1vZGVsQmFja2VuZCJ9"}, "model": "sessions.session"}, {"pk": 1, "fields": {"description": "This is a course on mathematics", "title": "Maths"}, "model": "main.course"}, {"pk": 2, "fields": {"description": "This is a course on Computing", "title": "Computing"}, "model": "main.course"}, {"pk": 1, "fields": {"course": 1, "running": true, "title": "Addition", "url_code": "gsbs5"}, "model": "main.session"}, {"pk": 2, "fields": {"course": 1, "running": false, "title": "Multiplication", "url_code": ""}, "model": "main.session"}, {"pk": 3, "fields": {"course": 2, "running": true, "title": "Hardware", "url_code": "dcis8"}, "model": "main.session"}, {"pk": 4, "fields": {"course": 2, "running": false, "title": "Software", "url_code": ""}, "model": "main.session"}, {"pk": 1, "fields": {"question_body": "What is 1+1?", "session": 1}, "model": "main.question"}, {"pk": 2, "fields": {"question_body": "What is 3+5?", "session": 1}, "model": "main.question"}, {"pk": 3, "fields": {"question_body": "What is 5+0?", "session": 1}, "model": "main.question"}, {"pk": 4, "fields": {"question_body": "Which of these is short term storage?", "session": 3}, "model": "main.question"}, {"pk": 5, "fields": {"question_body": "How many threads does an i7 4790k have?", "session": 3}, "model": "main.question"}, {"pk": 6, "fields": {"question_body": "Which of these is an Operating System?", "session": 4}, "model": "main.question"}, {"pk": 7, "fields": {"question_body": "Which of these would you use to create a spreadsheet?", "session": 4}, "model": "main.question"}, {"pk": 9, "fields": {"question": 3, "body": "5", "correct": true}, "model": "main.question_option"}, {"pk": 10, "fields": {"question": 3, "body": "0", "correct": false}, "model": "main.question_option"}, {"pk": 11, "fields": {"question": 3, "body": "4", "correct": false}, "model": "main.question_option"}, {"pk": 12, "fields": {"question": 3, "body": "6", "correct": false}, "model": "main.question_option"}, {"pk": 13, "fields": {"question": 2, "body": "8", "correct": true}, "model": "main.question_option"}, {"pk": 14, "fields": {"question": 2, "body": "9", "correct": false}, "model": "main.question_option"}, {"pk": 15, "fields": {"question": 2, "body": "4", "correct": false}, "model": "main.question_option"}, {"pk": 16, "fields": {"question": 2, "body": "2", "correct": false}, "model": "main.question_option"}, {"pk": 17, "fields": {"question": 1, "body": "1", "correct": false}, "model": "main.question_option"}, {"pk": 18, "fields": {"question": 1, "body": "2", "correct": true}, "model": "main.question_option"}, {"pk": 19, "fields": {"question": 1, "body": "3", "correct": false}, "model": "main.question_option"}, {"pk": 20, "fields": {"question": 1, "body": "4", "correct": false}, "model": "main.question_option"}, {"pk": 21, "fields": {"question": 4, "body": "RAM", "correct": true}, "model": "main.question_option"}, {"pk": 22, "fields": {"question": 4, "body": "Hard Drive", "correct": false}, "model": "main.question_option"}, {"pk": 23, "fields": {"question": 4, "body": "SSD", "correct": false}, "model": "main.question_option"}, {"pk": 24, "fields": {"question": 4, "body": "CPU", "correct": false}, "model": "main.question_option"}, {"pk": 25, "fields": {"question": 5, "body": "2", "correct": false}, "model": "main.question_option"}, {"pk": 26, "fields": {"question": 5, "body": "4", "correct": false}, "model": "main.question_option"}, {"pk": 27, "fields": {"question": 5, "body": "8", "correct": true}, "model": "main.question_option"}, {"pk": 28, "fields": {"question": 5, "body": "16", "correct": false}, "model": "main.question_option"}, {"pk": 33, "fields": {"question": 7, "body": "Excel", "correct": true}, "model": "main.question_option"}, {"pk": 34, "fields": {"question": 7, "body": "Word", "correct": false}, "model": "main.question_option"}, {"pk": 35, "fields": {"question": 7, "body": "PowerPoint", "correct": false}, "model": "main.question_option"}, {"pk": 36, "fields": {"question": 7, "body": "Access", "correct": false}, "model": "main.question_option"}, {"pk": 37, "fields": {"question": 6, "body": "Microsoft Windows", "correct": true}, "model": "main.question_option"}, {"pk": 38, "fields": {"question": 6, "body": "Microsoft Word", "correct": false}, "model": "main.question_option"}, {"pk": 39, "fields": {"question": 6, "body": "Microsoft Access", "correct": false}, "model": "main.question_option"}, {"pk": 40, "fields": {"question": 6, "body": "Microsoft Excel", "correct": false}, "model": "main.question_option"}, {"pk": 43, "fields": {"run_time": 5, "start_time": "2014-11-05T14:23:43.248Z", "question": 2, "session": 1}, "model": "main.current_question"}, {"pk": 44, "fields": {"run_time": 30, "start_time": "2014-11-06T14:14:52.080Z", "question": 4, "session": 3}, "model": "main.current_question"}, {"pk": 1, "fields": {"start_time": "2014-11-03T16:58:50.886Z", "session": 1}, "model": "main.session_run"}, {"pk": 2, "fields": {"start_time": "2014-11-03T17:34:00.761Z", "session": 1}, "model": "main.session_run"}, {"pk": 3, "fields": {"start_time": "2014-11-03T17:35:50.673Z", "session": 1}, "model": "main.session_run"}, {"pk": 4, "fields": {"start_time": "2014-11-03T17:38:39.986Z", "session": 1}, "model": "main.session_run"}, {"pk": 5, "fields": {"start_time": "2014-11-03T18:24:57.354Z", "session": 1}, "model": "main.session_run"}, {"pk": 6, "fields": {"start_time": "2014-11-03T18:24:58.370Z", "session": 1}, "model": "main.session_run"}, {"pk": 7, "fields": {"start_time": "2014-11-03T18:24:58.964Z", "session": 1}, "model": "main.session_run"}, {"pk": 8, "fields": {"start_time": "2014-11-05T14:12:25.510Z", "session": 1}, "model": "main.session_run"}, {"pk": 9, "fields": {"start_time": "2014-11-05T14:16:17.285Z", "session": 1}, "model": "main.session_run"}, {"pk": 10, "fields": {"start_time": "2014-11-05T14:19:14.626Z", "session": 1}, "model": "main.session_run"}, {"pk": 11, "fields": {"start_time": "2014-11-05T14:19:20.406Z", "session": 1}, "model": "main.session_run"}, {"pk": 12, "fields": {"start_time": "2014-11-05T14:19:26.702Z", "session": 1}, "model": "main.session_run"}, {"pk": 13, "fields": {"start_time": "2014-11-05T14:21:58.856Z", "session": 1}, "model": "main.session_run"}, {"pk": 14, "fields": {"start_time": "2014-11-05T14:22:49.033Z", "session": 1}, "model": "main.session_run"}, {"pk": 15, "fields": {"start_time": "2014-11-05T14:23:07.374Z", "session": 1}, "model": "main.session_run"}, {"pk": 16, "fields": {"start_time": "2014-11-06T14:12:46.982Z", "session": 3}, "model": "main.session_run"}, {"pk": 2, "fields": {"session_run": 1, "option": 13}, "model": "main.student_response"}, {"pk": 4, "fields": {"session_run": 2, "option": 10}, "model": "main.student_response"}, {"pk": 7, "fields": {"session_run": 4, "option": 15}, "model": "main.student_response"}, {"pk": 8, "fields": {"session_run": 4, "option": 20}, "model": "main.student_response"}, {"pk": 17, "fields": {"session_run": 7, "option": 14}, "model": "main.student_response"}, {"pk": 18, "fields": {"session_run": 7, "option": 13}, "model": "main.student_response"}, {"pk": 19, "fields": {"session_run": 7, "option": 14}, "model": "main.student_response"}, {"pk": 20, "fields": {"session_run": 7, "option": 13}, "model": "main.student_response"}, {"pk": 21, "fields": {"session_run": 7, "option": 13}, "model": "main.student_response"}, {"pk": 22, "fields": {"session_run": 7, "option": 13}, "model": "main.student_response"}, {"pk": 23, "fields": {"session_run": 7, "option": 16}, "model": "main.student_response"}, {"pk": 24, "fields": {"session_run": 7, "option": 13}, "model": "main.student_response"}, {"pk": 25, "fields": {"session_run": 7, "option": 12}, "model": "main.student_response"}, {"pk": 26, "fields": {"session_run": 7, "option": 9}, "model": "main.student_response"}, {"pk": 27, "fields": {"session_run": 7, "option": 9}, "model": "main.student_response"}, {"pk": 28, "fields": {"session_run": 7, "option": 9}, "model": "main.student_response"}, {"pk": 29, "fields": {"session_run": 7, "option": 10}, "model": "main.student_response"}, {"pk": 30, "fields": {"session_run": 7, "option": 10}, "model": "main.student_response"}, {"pk": 31, "fields": {"session_run": 7, "option": 12}, "model": "main.student_response"}, {"pk": 32, "fields": {"session_run": 7, "option": 11}, "model": "main.student_response"}, {"pk": 33, "fields": {"session_run": 15, "option": 18}, "model": "main.student_response"}, {"pk": 34, "fields": {"session_run": 15, "option": 15}, "model": "main.student_response"}, {"pk": 35, "fields": {"session_run": 16, "option": 21}, "model": "main.student_response"}, {"pk": 36, "fields": {"session_run": 16, "option": 21}, "model": "main.student_response"}, {"pk": 37, "fields": {"session_run": 16, "option": 24}, "model": "main.student_response"}, {"pk": 38, "fields": {"session_run": 16, "option": 22}, "model": "main.student_response"}, {"pk": 39, "fields": {"session_run": 16, "option": 21}, "model": "main.student_response"}, {"pk": 40, "fields": {"session_run": 16, "option": 21}, "model": "main.student_response"}, {"pk": 41, "fields": {"session_run": 16, "option": 21}, "model": "main.student_response"}, {"pk": 42, "fields": {"session_run": 16, "option": 22}, "model": "main.student_response"}, {"pk": 43, "fields": {"session_run": 16, "option": 23}, "model": "main.student_response"}, {"pk": 44, "fields": {"session_run": 16, "option": 23}, "model": "main.student_response"}, {"pk": 45, "fields": {"session_run": 16, "option": 21}, "model": "main.student_response"}, {"pk": 46, "fields": {"session_run": 16, "option": 21}, "model": "main.student_response"}, {"pk": 1, "fields": {"name": "Can add log entry", "content_type": 1, "codename": "add_logentry"}, "model": "auth.permission"}, {"pk": 2, "fields": {"name": "Can change log entry", "content_type": 1, "codename": "change_logentry"}, "model": "auth.permission"}, {"pk": 3, "fields": {"name": "Can delete log entry", "content_type": 1, "codename": "delete_logentry"}, "model": "auth.permission"}, {"pk": 4, "fields": {"name": "Can add permission", "content_type": 2, "codename": "add_permission"}, "model": "auth.permission"}, {"pk": 5, "fields": {"name": "Can change permission", "content_type": 2, "codename": "change_permission"}, "model": "auth.permission"}, {"pk": 6, "fields": {"name": "Can delete permission", "content_type": 2, "codename": "delete_permission"}, "model": "auth.permission"}, {"pk": 7, "fields": {"name": "Can add group", "content_type": 3, "codename": "add_group"}, "model": "auth.permission"}, {"pk": 8, "fields": {"name": "Can change group", "content_type": 3, "codename": "change_group"}, "model": "auth.permission"}, {"pk": 9, "fields": {"name": "Can delete group", "content_type": 3, "codename": "delete_group"}, "model": "auth.permission"}, {"pk": 10, "fields": {"name": "Can add user", "content_type": 4, "codename": "add_user"}, "model": "auth.permission"}, {"pk": 11, "fields": {"name": "Can change user", "content_type": 4, "codename": "change_user"}, "model": "auth.permission"}, {"pk": 12, "fields": {"name": "Can delete user", "content_type": 4, "codename": "delete_user"}, "model": "auth.permission"}, {"pk": 13, "fields": {"name": "Can add content type", "content_type": 5, "codename": "add_contenttype"}, "model": "auth.permission"}, {"pk": 14, "fields": {"name": "Can change content type", "content_type": 5, "codename": "change_contenttype"}, "model": "auth.permission"}, {"pk": 15, "fields": {"name": "Can delete content type", "content_type": 5, "codename": "delete_contenttype"}, "model": "auth.permission"}, {"pk": 16, "fields": {"name": "Can add session", "content_type": 6, "codename": "add_session"}, "model": "auth.permission"}, {"pk": 17, "fields": {"name": "Can change session", "content_type": 6, "codename": "change_session"}, "model": "auth.permission"}, {"pk": 18, "fields": {"name": "Can delete session", "content_type": 6, "codename": "delete_session"}, "model": "auth.permission"}, {"pk": 19, "fields": {"name": "Can add course", "content_type": 7, "codename": "add_course"}, "model": "auth.permission"}, {"pk": 20, "fields": {"name": "Can change course", "content_type": 7, "codename": "change_course"}, "model": "auth.permission"}, {"pk": 21, "fields": {"name": "Can delete course", "content_type": 7, "codename": "delete_course"}, "model": "auth.permission"}, {"pk": 22, "fields": {"name": "Can add tutor_assignment", "content_type": 8, "codename": "add_tutor_assignment"}, "model": "auth.permission"}, {"pk": 23, "fields": {"name": "Can change tutor_assignment", "content_type": 8, "codename": "change_tutor_assignment"}, "model": "auth.permission"}, {"pk": 24, "fields": {"name": "Can delete tutor_assignment", "content_type": 8, "codename": "delete_tutor_assignment"}, "model": "auth.permission"}, {"pk": 25, "fields": {"name": "Can add session", "content_type": 9, "codename": "add_session"}, "model": "auth.permission"}, {"pk": 26, "fields": {"name": "Can change session", "content_type": 9, "codename": "change_session"}, "model": "auth.permission"}, {"pk": 27, "fields": {"name": "Can delete session", "content_type": 9, "codename": "delete_session"}, "model": "auth.permission"}, {"pk": 28, "fields": {"name": "Can add question", "content_type": 10, "codename": "add_question"}, "model": "auth.permission"}, {"pk": 29, "fields": {"name": "Can change question", "content_type": 10, "codename": "change_question"}, "model": "auth.permission"}, {"pk": 30, "fields": {"name": "Can delete question", "content_type": 10, "codename": "delete_question"}, "model": "auth.permission"}, {"pk": 31, "fields": {"name": "Can add question_option", "content_type": 11, "codename": "add_question_option"}, "model": "auth.permission"}, {"pk": 32, "fields": {"name": "Can change question_option", "content_type": 11, "codename": "change_question_option"}, "model": "auth.permission"}, {"pk": 33, "fields": {"name": "Can delete question_option", "content_type": 11, "codename": "delete_question_option"}, "model": "auth.permission"}, {"pk": 34, "fields": {"name": "Can add current_question", "content_type": 12, "codename": "add_current_question"}, "model": "auth.permission"}, {"pk": 35, "fields": {"name": "Can change current_question", "content_type": 12, "codename": "change_current_question"}, "model": "auth.permission"}, {"pk": 36, "fields": {"name": "Can delete current_question", "content_type": 12, "codename": "delete_current_question"}, "model": "auth.permission"}, {"pk": 37, "fields": {"name": "Can add student_response", "content_type": 13, "codename": "add_student_response"}, "model": "auth.permission"}, {"pk": 38, "fields": {"name": "Can change student_response", "content_type": 13, "codename": "change_student_response"}, "model": "auth.permission"}, {"pk": 39, "fields": {"name": "Can delete student_response", "content_type": 13, "codename": "delete_student_response"}, "model": "auth.permission"}, {"pk": 40, "fields": {"name": "Can add session_run", "content_type": 14, "codename": "add_session_run"}, "model": "auth.permission"}, {"pk": 41, "fields": {"name": "Can change session_run", "content_type": 14, "codename": "change_session_run"}, "model": "auth.permission"}, {"pk": 42, "fields": {"name": "Can delete session_run", "content_type": 14, "codename": "delete_session_run"}, "model": "auth.permission"}, {"pk": 1, "fields": {"is_active": true, "last_name": "", "username": "camerong", "password": "pbkdf2_sha256$12000$MsrtVFQ5gr6c$PPSEHbgFQjh4kx8O4FaOyqvfXxEjOeytctAXN2cbsmk=", "date_joined": "2014-11-03T14:01:03.888Z", "groups": [], "is_superuser": true, "user_permissions": [], "email": "cameron@camerongray.me", "last_login": "2014-11-06T13:36:02.340Z", "is_staff": true, "first_name": ""}, "model": "auth.user"}, {"pk": 2, "fields": {"is_active": true, "last_name": "", "username": "tutor1", "password": "pbkdf2_sha256$12000$x0voDPHrHlKj$53k08R9uulC/q9KBrdQCEGM8ae12SrI67DYTeU9oyZI=", "date_joined": "2014-11-03T14:45:47Z", "groups": [], "is_superuser": false, "user_permissions": [], "email": "", "last_login": "2014-11-03T14:53:17.881Z", "is_staff": false, "first_name": ""}, "model": "auth.user"}, {"pk": 3, "fields": {"is_active": true, "last_name": "", "username": "tutor2", "password": "pbkdf2_sha256$12000$lc8pK7vgm8t6$pboC4yHupbhn4+9oqlYC3Pt3vqAB8530CM1kYxeHU7g=", "date_joined": "2014-11-06T13:36:26.064Z", "groups": [], "is_superuser": false, "user_permissions": [], "email": "", "last_login": "2014-11-06T14:05:17.669Z", "is_staff": false, "first_name": ""}, "model": "auth.user"}, {"pk": 4, "fields": {"is_active": true, "last_name": "", "username": "tutor3", "password": "pbkdf2_sha256$12000$d0uIPQEGT7BD$jaBcnTRCoEh8bkiWquHx601vFcBUQEj0iYaN+kNzLYY=", "date_joined": "2014-11-06T13:37:21.290Z", "groups": [], "is_superuser": false, "user_permissions": [], "email": "", "last_login": "2014-11-06T14:12:35.992Z", "is_staff": false, "first_name": ""}, "model": "auth.user"}, {"pk": 1, "fields": {"user": 2, "course": 1}, "model": "main.tutor_assignment"}, {"pk": 2, "fields": {"user": 3, "course": 2}, "model": "main.tutor_assignment"}, {"pk": 3, "fields": {"user": 4, "course": 1}, "model": "main.tutor_assignment"}, {"pk": 4, "fields": {"user": 4, "course": 2}, "model": "main.tutor_assignment"}, {"pk": 1, "fields": {"user": 1, "content_type": 4, "object_repr": "tutor1", "change_message": "", "object_id": "2", "action_time": "2014-11-03T14:45:47.088Z", "action_flag": 1}, "model": "admin.logentry"}, {"pk": 2, "fields": {"user": 1, "content_type": 4, "object_repr": "tutor1", "change_message": "No fields changed.", "object_id": "2", "action_time": "2014-11-03T14:45:57.497Z", "action_flag": 2}, "model": "admin.logentry"}, {"pk": 3, "fields": {"user": 1, "content_type": 7, "object_repr": "Maths", "change_message": "", "object_id": "1", "action_time": "2014-11-03T14:46:26.587Z", "action_flag": 1}, "model": "admin.logentry"}, {"pk": 4, "fields": {"user": 1, "content_type": 8, "object_repr": "User: tutor1, Course: Maths", "change_message": "", "object_id": "1", "action_time": "2014-11-03T14:47:46.128Z", "action_flag": 1}, "model": "admin.logentry"}, {"pk": 5, "fields": {"user": 1, "content_type": 9, "object_repr": "Addition", "change_message": "Changed running.", "object_id": "1", "action_time": "2014-11-03T16:43:46.520Z", "action_flag": 2}, "model": "admin.logentry"}, {"pk": 6, "fields": {"user": 1, "content_type": 9, "object_repr": "Addition", "change_message": "Changed running.", "object_id": "1", "action_time": "2014-11-03T16:51:27.489Z", "action_flag": 2}, "model": "admin.logentry"}, {"pk": 7, "fields": {"user": 1, "content_type": 9, "object_repr": "Addition", "change_message": "Changed running.", "object_id": "1", "action_time": "2014-11-03T16:55:07.877Z", "action_flag": 2}, "model": "admin.logentry"}, {"pk": 8, "fields": {"user": 1, "content_type": 9, "object_repr": "Addition", "change_message": "Changed running.", "object_id": "1", "action_time": "2014-11-03T17:33:54.872Z", "action_flag": 2}, "model": "admin.logentry"}, {"pk": 9, "fields": {"user": 1, "content_type": 9, "object_repr": "Addition", "change_message": "Changed running.", "object_id": "1", "action_time": "2014-11-03T17:35:44.138Z", "action_flag": 2}, "model": "admin.logentry"}, {"pk": 10, "fields": {"user": 1, "content_type": 9, "object_repr": "Addition", "change_message": "Changed running.", "object_id": "1", "action_time": "2014-11-03T17:38:28.433Z", "action_flag": 2}, "model": "admin.logentry"}, {"pk": 11, "fields": {"user": 1, "content_type": 4, "object_repr": "tutor2", "change_message": "", "object_id": "3", "action_time": "2014-11-06T13:36:26.105Z", "action_flag": 1}, "model": "admin.logentry"}, {"pk": 12, "fields": {"user": 1, "content_type": 4, "object_repr": "tutor3", "change_message": "", "object_id": "4", "action_time": "2014-11-06T13:37:21.330Z", "action_flag": 1}, "model": "admin.logentry"}, {"pk": 13, "fields": {"user": 1, "content_type": 7, "object_repr": "Computing", "change_message": "", "object_id": "2", "action_time": "2014-11-06T13:50:08.754Z", "action_flag": 1}, "model": "admin.logentry"}, {"pk": 14, "fields": {"user": 1, "content_type": 8, "object_repr": "User: tutor2, Course: Computing", "change_message": "", "object_id": "2", "action_time": "2014-11-06T14:04:52.137Z", "action_flag": 1}, "model": "admin.logentry"}, {"pk": 15, "fields": {"user": 1, "content_type": 8, "object_repr": "User: tutor3, Course: Maths", "change_message": "", "object_id": "3", "action_time": "2014-11-06T14:04:56.467Z", "action_flag": 1}, "model": "admin.logentry"}, {"pk": 16, "fields": {"user": 1, "content_type": 8, "object_repr": "User: tutor3, Course: Computing", "change_message": "", "object_id": "4", "action_time": "2014-11-06T14:05:00.543Z", "action_flag": 1}, "model": "admin.logentry"}]